{
 "train_scores": {
  "mae": 7395.20417572804,
  "mse": 192568036.8778021,
  "medae": 4218.79337023088
 },
 "test_scores": {
  "mae": 6822.834359149198,
  "mse": 69998123.65572518,
  "medae": 5931.989854287036
 },
 "model": "Ridge(alpha=100)",
 "intercept": 9.389653887451259e-15,
 "coeff": [
  0.027945244754266785,
  0.07228386348240354,
  0.0733677087532191,
  0.07228386348240351,
  0.07336770875321903,
  0.08222487344930633,
  0.039235810910211916,
  0.04414146895613035,
  0.019706879003897535,
  0.04280868585902629,
  -0.012819087089381162,
  0.022072086605249768,
  0.05414572376036697,
  0.01172925003202412,
  -0.004337051815015573,
  0.04168131398262288,
  0.07228386348240348,
  0.007707513251585536,
  0.007738283111665056,
  0.007456860036880202,
  0.030007030415715546,
  0.05008008169390965,
  0.02340201115519,
  0.06411254779881968,
  -0.03791269038077733,
  -0.011329120123628536,
  -0.01947704085608764,
  0.032673192475967866,
  -0.033356234977891634,
  -0.015134262867699774,
  0.04463344681783482
 ]
}